シーズン,大会,節,試合日,K/O時刻,ホーム,スコア,アウェイ,スタジアム,入場者数,インターネット中継・TV放送,コロナ禍ダミー,国立フラグ,曜日,休日フラグ,rolling_mean_3,datetime,date,year,month,hour,temperature,rain,temp_zone,rain_flag,lag1,lag2,rolling_mean_5,rolling_mean_7,rolling_mean_2,home_score,away_score,result_numeric,lag1_result_numeric
2015,Ｊ１ １ｓｔ,第２節第２日,15/03/14(土),14:06,FC東京,0-0,横浜FM,味スタ,30492,スカパー！／スカパー！プレミアムサービス／ＴＢＳ／ＴＯＫＹＯ　ＭＸ（録）,0,0,土,1,,2015-03-14 14:06:00,2015-03-14,2015,3,14,13.5,0.0,やや寒い,0,,,,,,0,0,0,
2015,Ｊ１ １ｓｔ,第４節第２日,15/04/04(土),16:03,FC東京,1-0,甲府,味スタ,20743,スカパー！／スカパー！プレミアムサービス,0,0,土,1,,2015-04-04 16:03:00,2015-04-04,2015,4,16,19.1,0.0,快適,0,30492.0,,,,25617.5,1,0,1,0.0
2015,Ｊ１ １ｓｔ,第６節第２日,15/04/18(土),16:03,FC東京,1-2,広島,味スタ,24369,スカパー！／スカパー！プレミアムサービス／ＴＯＫＹＯ　ＭＸ（録）,0,0,土,1,25201.333333333332,2015-04-18 16:03:00,2015-04-18,2015,4,16,19.7,0.0,快適,0,20743.0,30492.0,,,22556.0,1,2,0,1.0
2015,Ｊ１ １ｓｔ,第９節第１日,15/05/02(土),16:04,FC東京,2-1,川崎Ｆ,味スタ,42604,スカパー！／スカパー！プレミアムサービス,0,0,土,1,29238.666666666668,2015-05-02 16:04:00,2015-05-02,2015,5,16,27.6,0.0,暑い,0,24369.0,20743.0,,,33486.5,2,1,1,0.0
2015,Ｊ１ １ｓｔ,第１１節第１日,15/05/10(日),16:04,FC東京,0-1,鹿島,味スタ,42070,スカパー！／スカパー！プレミアムサービス,0,0,日,1,36347.666666666664,2015-05-10 16:04:00,2015-05-10,2015,5,16,27.0,0.0,暑い,0,42604.0,24369.0,32055.6,,42337.0,0,1,0,1.0
2015,Ｊ１ １ｓｔ,第１３節第１日,15/05/23(土),19:03,FC東京,0-1,名古屋,味スタ,23460,スカパー！／スカパー！プレミアムサービス／ＴＯＫＹＯ　ＭＸ,0,0,土,1,36044.666666666664,2015-05-23 19:03:00,2015-05-23,2015,5,19,27.1,0.0,暑い,0,42070.0,42604.0,30649.2,,32765.0,0,1,0,0.0
2015,Ｊ１ １ｓｔ,第１４節第１日,15/05/30(土),19:04,FC東京,2-1,柏,味スタ,23439,スカパー！／スカパー！プレミアムサービス／ＮＨＫ　ＢＳ１,0,0,土,1,29656.333333333332,2015-05-30 19:04:00,2015-05-30,2015,5,19,29.6,0.0,暑い,0,23460.0,42070.0,31188.4,29596.714285714286,23449.5,2,1,1,0.0
2015,Ｊ１ １ｓｔ,第１７節第１日,15/06/27(土),19:04,FC東京,3-2,清水,味スタ,41363,スカパー！／スカパー！プレミアムサービス／ＮＨＫ　ＢＳ１／ＴＯＫＹＯ　ＭＸ,0,0,土,1,29420.666666666668,2015-06-27 19:04:00,2015-06-27,2015,6,19,25.5,3.0,暑い,1,23439.0,23460.0,34587.2,31149.714285714286,32401.0,3,2,1,1.0
2015,Ｊ１ ２ｎｄ,第２節第１日,15/07/15(水),19:03,FC東京,3-1,新潟,味スタ,12727,スカパー！／スカパー！プレミアムサービス／ＴＯＫＹＯ　ＭＸ,0,0,水,0,25843.0,2015-07-15 19:03:00,2015-07-15,2015,7,19,33.2,0.0,猛暑,0,41363.0,23439.0,28611.8,30004.571428571428,27045.0,3,1,1,1.0
2015,Ｊ１ ２ｎｄ,第３節第１日,15/07/19(日),19:03,FC東京,0-0,山形,味スタ,22175,スカパー！／スカパー！プレミアムサービス／ＴＯＫＹＯ　ＭＸ,0,0,日,1,25421.666666666668,2015-07-19 19:03:00,2015-07-19,2015,7,19,34.8,0.0,猛暑,0,12727.0,41363.0,24632.8,29691.14285714286,17451.0,0,0,0,1.0
2015,Ｊ１ ２ｎｄ,第５節第１日,15/07/29(水),19:03,FC東京,3-1,仙台,味スタ,16635,スカパー！／スカパー！プレミアムサービス／ＴＯＫＹＯ　ＭＸ,0,0,水,0,17179.0,2015-07-29 19:03:00,2015-07-29,2015,7,19,32.5,0.0,猛暑,0,22175.0,12727.0,23267.8,25981.285714285714,19405.0,3,1,1,0.0
2015,Ｊ１ ２ｎｄ,第７節第１日,15/08/16(日),18:04,FC東京,2-1,Ｇ大阪,味スタ,37978,スカパー！／スカパー！プレミアムサービス,0,0,日,1,25596.0,2015-08-16 18:04:00,2015-08-16,2015,8,18,31.9,8.0,猛暑,1,16635.0,22175.0,26175.6,25396.714285714286,27306.5,2,1,1,1.0
2015,Ｊ１ ２ｎｄ,第１０節第２日,15/09/12(土),19:04,FC東京,3-0,神戸,味スタ,22328,スカパー！／スカパー！プレミアムサービス／ＴＯＫＹＯ　ＭＸ,0,0,土,1,25647.0,2015-09-12 19:04:00,2015-09-12,2015,9,19,29.5,0.0,暑い,0,37978.0,16635.0,22368.6,25235.0,30153.0,3,0,1,1.0
2015,Ｊ１ ２ｎｄ,第１２節第１日,15/09/26(土),18:34,FC東京,1-0,松本,味スタ,36671,スカパー！／スカパー！プレミアムサービス,0,0,土,1,32325.666666666668,2015-09-26 18:34:00,2015-09-26,2015,9,18,24.6,5.0,快適2,1,22328.0,37978.0,27157.4,27125.285714285714,29499.5,1,0,1,1.0
2015,Ｊ１ ２ｎｄ,第１４節第１日,15/10/17(土),14:04,FC東京,1-2,湘南,味スタ,22577,スカパー！／スカパー！プレミアムサービス／ＴＯＫＹＯ　ＭＸ（録）,0,0,土,1,27192.0,2015-10-17 14:04:00,2015-10-17,2015,10,14,20.3,5.0,快適2,1,36671.0,22328.0,27237.8,24441.571428571428,29624.0,1,2,0,1.0
2015,Ｊ１ ２ｎｄ,第１５節第１日,15/10/24(土),14:02,FC東京,3-4,浦和,味スタ,38952,スカパー！／スカパー！プレミアムサービス／ＮＨＫ総合／ＴＯＫＹＯ　ＭＸ（録）,0,0,土,1,32733.333333333332,2015-10-24 14:02:00,2015-10-24,2015,10,14,23.9,0.0,快適2,0,22577.0,36671.0,31701.2,28188.0,30764.5,3,4,0,0.0
2015,Ｊ１ ２ｎｄ,第１７節第１日,15/11/22(日),13:34,FC東京,0-0,鳥栖,味スタ,30753,スカパー！／スカパー！プレミアムサービス／ＴＯＫＹＯ　ＭＸ（録）,0,0,日,1,30760.666666666668,2015-11-22 13:34:00,2015-11-22,2015,11,13,15.2,0.0,快適,0,38952.0,22577.0,30256.2,29413.428571428572,34852.5,0,0,0,0.0
2016,Ｊ１ １ｓｔ,第１節第１日,16/02/27(土),19:04,FC東京,0-1,大宮,味スタ,25776,スカパー！／スカパー！プレミアムサービス／ＮＨＫ　ＢＳ１／ＴＯＫＹＯ　ＭＸ,0,0,土,1,31827.0,2016-02-27 19:04:00,2016-02-27,2016,2,19,12.5,0.0,やや寒い,0,30753.0,38952.0,30945.8,30719.285714285714,28264.5,0,1,0,0.0
2016,Ｊ１ １ｓｔ,第３節第１日,16/03/11(金),19:04,FC東京,1-0,神戸,味スタ,11488,スカパー！／スカパー！プレミアムサービス,0,0,金,0,22672.333333333332,2016-03-11 19:04:00,2016-03-11,2016,3,19,6.1,0.0,寒い,0,25776.0,30753.0,25909.2,26935.0,18632.0,1,0,1,0.0
2016,Ｊ１ １ｓｔ,第５節第２日,16/04/02(土),16:03,FC東京,3-2,名古屋,味スタ,20249,スカパー！／スカパー！プレミアムサービス,0,0,土,1,19171.0,2016-04-02 16:03:00,2016-04-02,2016,4,16,13.3,1.5,やや寒い,1,11488.0,25776.0,25443.6,26638.0,15868.5,3,2,1,1.0
2016,Ｊ１ １ｓｔ,第７節第２日,16/04/16(土),15:03,FC東京,2-4,川崎Ｆ,味スタ,29208,スカパー！／スカパー！プレミアムサービス／ＢＳ－ＴＢＳ,0,0,土,1,20315.0,2016-04-16 15:03:00,2016-04-16,2016,4,15,20.9,0.0,快適2,0,20249.0,11488.0,23494.8,25571.85714285714,24728.5,2,4,0,1.0
2016,Ｊ１ １ｓｔ,第９節第１日,16/04/29(金・祝),17:04,FC東京,0-1,福岡,味スタ,23625,スカパー！／スカパー！プレミアムサービス,0,0,金・祝,1,24360.666666666668,2016-04-29 17:04:00,2016-04-29,2016,4,17,21.4,0.0,快適2,0,29208.0,20249.0,22069.2,25721.571428571428,26416.5,0,1,0,0.0
2016,Ｊ１ １ｓｔ,第１２節第１日,16/05/13(金),19:04,FC東京,0-0,鳥栖,味スタ,13046,スカパー！／スカパー！プレミアムサービス,0,0,金,0,21959.666666666668,2016-05-13 19:04:00,2016-05-13,2016,5,19,26.5,0.0,暑い,0,23625.0,29208.0,19523.2,22020.714285714286,18335.5,0,0,0,0.0
2016,Ｊ１ １ｓｔ,第１４節第１日,16/05/29(日),17:04,FC東京,1-0,Ｇ大阪,味スタ,37805,スカパー！／スカパー！プレミアムサービス,0,0,日,1,24825.333333333332,2016-05-29 17:04:00,2016-05-29,2016,5,17,27.9,0.0,暑い,0,13046.0,23625.0,24786.6,23028.14285714286,25425.5,1,0,1,0.0
2016,Ｊ１ １ｓｔ,第１０節第２日,16/06/15(水),19:03,FC東京,1-1,広島,味スタ,15358,スカパー！／スカパー！プレミアムサービス／ＴＯＫＹＯ　ＭＸ　※２　ＡＦＣチャンピオンズリーグ２０１６の影響により、ＦＣ東京ｖｓ広島、Ｇ大阪ｖｓ浦和は６月１５日（水）に開催,0,0,水,0,22069.666666666668,2016-06-15 19:03:00,2016-06-15,2016,6,19,22.2,0.0,快適2,0,37805.0,13046.0,23808.4,21539.85714285714,26581.5,1,1,0,1.0
2016,Ｊ１ １ｓｔ,第１６節第１日,16/06/18(土),19:03,FC東京,1-1,新潟,味スタ,24793,スカパー！／スカパー！プレミアムサービス／ＴＯＫＹＯ　ＭＸ,0,0,土,1,25985.333333333332,2016-06-18 19:03:00,2016-06-18,2016,6,19,33.0,0.0,猛暑,0,15358.0,37805.0,22925.4,23440.571428571428,20075.5,1,1,0,0.0
2016,Ｊ１ ２ｎｄ,第２節第１日,16/07/09(土),19:04,FC東京,1-0,甲府,味スタ,17978,スカパー！／スカパー！プレミアムサービス／ＮＨＫ　ＢＳ１／ＴＯＫＹＯ　ＭＸ,0,0,土,1,19376.333333333332,2016-07-09 19:04:00,2016-07-09,2016,7,19,24.9,12.5,快適2,1,24793.0,15358.0,21796.0,23116.14285714286,21385.5,1,0,1,0.0
2016,Ｊ１ ２ｎｄ,第４節第１日,16/07/17(日),19:03,FC東京,0-1,柏,味スタ,22374,スカパー！／スカパー！プレミアムサービス／ＴＯＫＹＯ　ＭＸ,0,0,日,1,21715.0,2016-07-17 19:03:00,2016-07-17,2016,7,19,28.8,0.0,暑い,0,17978.0,24793.0,23661.6,22139.85714285714,20176.0,0,1,0,1.0
2016,Ｊ１ ２ｎｄ,第７節第１日,16/08/06(土),19:04,FC東京,3-2,磐田,味スタ,28291,スカパー！／スカパー！プレミアムサービス,0,0,土,1,22881.0,2016-08-06 19:04:00,2016-08-06,2016,8,19,34.2,0.0,猛暑,0,22374.0,17978.0,21758.8,22806.428571428572,25332.5,3,2,1,0.0
2016,Ｊ１ ２ｎｄ,第９節第１日,16/08/20(土),19:04,FC東京,1-0,横浜FM,味スタ,27880,スカパー！／スカパー！プレミアムサービス／ＴＯＫＹＯ　ＭＸ,0,0,土,1,26181.666666666668,2016-08-20 19:04:00,2016-08-20,2016,8,19,30.0,82.0,暑い,1,28291.0,22374.0,24263.2,24925.571428571428,28085.5,1,0,1,1.0
2016,Ｊ１ ２ｎｄ,第１１節第１日,16/09/10(土),19:03,FC東京,3-0,湘南,味スタ,18744,スカパー！／スカパー！プレミアムサービス／ＴＯＫＹＯ　ＭＸ,0,0,土,1,24971.666666666668,2016-09-10 19:03:00,2016-09-10,2016,9,19,31.2,0.0,猛暑,0,27880.0,28291.0,23053.4,22202.571428571428,23312.0,3,0,1,1.0
2016,Ｊ１ ２ｎｄ,第１２節第１日,16/09/17(土),19:04,FC東京,1-3,浦和,味スタ,33493,スカパー！／スカパー！プレミアムサービス,0,0,土,1,26705.666666666668,2016-09-17 19:04:00,2016-09-17,2016,9,19,29.4,0.0,暑い,0,18744.0,27880.0,26156.4,24793.285714285714,26118.5,1,3,0,1.0
2016,Ｊ１ ２ｎｄ,第１５節第１日,16/10/22(土),14:04,FC東京,2-1,鹿島,味スタ,37317,スカパー！／スカパー！プレミアムサービス／ＴＯＫＹＯ　ＭＸ（録）,0,0,土,1,29851.333333333332,2016-10-22 14:04:00,2016-10-22,2016,10,14,18.3,0.0,快適,0,33493.0,18744.0,29145.0,26582.428571428572,35405.0,2,1,1,0.0
2016,Ｊ１ ２ｎｄ,第１６節第１日,16/10/29(土),14:04,FC東京,1-0,仙台,味スタ,21198,スカパー！／スカパー！プレミアムサービス／ＴＯＫＹＯ　ＭＸ（録）,0,0,土,1,30669.333333333332,2016-10-29 14:04:00,2016-10-29,2016,10,14,20.8,0.0,快適2,0,37317.0,33493.0,27726.4,27042.428571428572,29257.5,1,0,1,1.0
2017,Ｊ１,第２節第１日,17/03/04(土),15:04,FC東京,2-0,大宮,味スタ,27259,ＤＡＺＮ／ＴＯＫＹＯ　ＭＸ２,0,0,土,1,28591.333333333332,2017-03-04 15:04:00,2017-03-04,2017,3,15,14.6,0.0,やや寒い,0,21198.0,37317.0,27602.2,27740.285714285714,24228.5,2,0,1,1.0
2017,Ｊ１,第４節第１日,17/03/18(土),19:04,FC東京,3-0,川崎Ｆ,味スタ,36311,ＤＡＺＮ／ＮＨＫ　ＢＳ１,0,0,土,1,28256.0,2017-03-18 19:04:00,2017-03-18,2017,3,19,16.2,0.0,快適,0,27259.0,21198.0,31115.6,28886.0,31785.0,3,0,1,1.0
2017,Ｊ１,第５節第１日,17/04/01(土),16:04,FC東京,3-3,鳥栖,味スタ,19669,ＤＡＺＮ,0,0,土,1,27746.333333333332,2017-04-01 16:04:00,2017-04-01,2017,4,16,8.9,5.5,寒い,1,36311.0,27259.0,28350.8,27713.0,27990.0,3,3,0,1.0
2017,Ｊ１,第７節第１日,17/04/16(日),14:04,FC東京,0-1,浦和,味スタ,38248,ＤＡＺＮ／ＮＨＫ　ＢＳ１／ＴＯＫＹＯ　ＭＸ（録）,0,0,日,1,31409.333333333332,2017-04-16 14:04:00,2017-04-16,2017,4,14,26.1,0.0,暑い,0,19669.0,36311.0,28537.0,30499.285714285714,28958.5,0,1,0,0.0
2017,Ｊ１,第９節第１日,17/04/30(日),15:04,FC東京,1-0,広島,味スタ,25037,ＤＡＺＮ／ＴＯＫＹＯ　ＭＸ（録）,0,0,日,1,27651.333333333332,2017-04-30 15:04:00,2017-04-30,2017,4,15,24.3,0.0,快適2,0,38248.0,19669.0,29304.8,29291.285714285714,31642.5,1,0,1,0.0
2017,Ｊ１,第１１節第１日,17/05/14(日),15:04,FC東京,1-2,柏,味スタ,23950,ＤＡＺＮ／ＴＯＫＹＯ　ＭＸ（録）,0,0,日,1,29078.333333333332,2017-05-14 15:04:00,2017-05-14,2017,5,15,20.4,0.0,快適2,0,25037.0,38248.0,28643.0,27381.714285714286,24493.5,1,2,0,1.0
2017,Ｊ１,第１３節第２日,17/05/28(日),16:04,FC東京,1-1,甲府,味スタ,18953,ＤＡＺＮ／ＴＯＫＹＯ　ＭＸ（録）,0,0,日,1,22646.666666666668,2017-05-28 16:04:00,2017-05-28,2017,5,16,26.7,0.0,暑い,0,23950.0,25037.0,25171.4,27061.0,21451.5,1,1,0,0.0
2017,Ｊ１,第１５節第２日,17/06/18(日),18:04,FC東京,0-1,横浜FM,味スタ,23282,ＤＡＺＮ,0,0,日,1,22061.666666666668,2017-06-18 18:04:00,2017-06-18,2017,6,18,22.5,11.5,快適2,1,18953.0,23950.0,25894.0,26492.85714285714,21117.5,0,1,0,0.0
2017,Ｊ１,第１８節第１日,17/07/08(土),19:03,FC東京,2-2,鹿島,味スタ,42979,ＤＡＺＮ／ＴＯＫＹＯ　ＭＸ,0,0,土,1,28404.666666666668,2017-07-08 19:03:00,2017-07-08,2017,7,19,33.7,0.0,猛暑,0,23282.0,18953.0,26840.2,27445.428571428572,33130.5,2,2,0,0.0
2017,Ｊ１,第１９節第２日,17/07/30(日),19:04,FC東京,1-1,新潟,味スタ,21908,ＤＡＺＮ／ＴＯＫＹＯ　ＭＸ,0,0,日,1,29389.666666666668,2017-07-30 19:04:00,2017-07-30,2017,7,19,29.2,0.5,暑い,1,42979.0,23282.0,26214.4,27765.285714285714,32443.5,1,1,0,0.0
2017,Ｊ１,第２２節第２日,17/08/13(日),19:03,FC東京,1-0,神戸,味スタ,30642,ＤＡＺＮ,0,0,日,1,31843.0,2017-08-13 19:03:00,2017-08-13,2017,8,19,31.2,0.0,猛暑,0,21908.0,42979.0,27552.8,26678.714285714286,26275.0,1,0,1,0.0
2017,Ｊ１,第２５節第１日,17/09/09(土),19:03,FC東京,1-4,Ｃ大阪,味スタ,36635,ＤＡＺＮ／ＴＯＫＹＯ　ＭＸ,0,0,土,1,29728.333333333332,2017-09-09 19:03:00,2017-09-09,2017,9,19,29.2,0.0,暑い,0,30642.0,21908.0,31089.2,28335.571428571428,33638.5,1,4,0,1.0
2017,Ｊ１,第２６節第１日,17/09/16(土),19:03,FC東京,1-0,仙台,味スタ,17940,ＤＡＺＮ,0,0,土,1,28405.666666666668,2017-09-16 19:03:00,2017-09-16,2017,9,19,22.9,8.0,快適2,1,36635.0,30642.0,30020.8,27477.0,27287.5,1,0,1,0.0
2017,Ｊ１,第２８節第１日,17/09/30(土),16:03,FC東京,0-0,磐田,味スタ,26736,ＤＡＺＮ,0,0,土,1,27103.666666666668,2017-09-30 16:03:00,2017-09-30,2017,9,16,24.2,0.0,快適2,0,17940.0,36635.0,26772.2,28588.85714285714,22338.0,0,0,0,1.0
2017,Ｊ１,第３０節第１日,17/10/21(土),16:03,FC東京,1-2,札幌,味スタ,16817,ＤＡＺＮ／ＴＯＫＹＯ　ＭＸ（録）,0,0,土,1,20497.666666666668,2017-10-21 16:03:00,2017-10-21,2017,10,16,17.2,21.5,快適,1,26736.0,17940.0,25754.0,27665.285714285714,21776.5,1,2,0,0.0
2017,Ｊ１,第３１節第１日,17/10/29(日),17:03,FC東京,0-0,清水,味スタ,13417,ＤＡＺＮ／ＴＯＫＹＯ　ＭＸ（録）,0,0,日,1,18990.0,2017-10-29 17:03:00,2017-10-29,2017,10,17,16.3,105.5,快適,1,16817.0,26736.0,22309.0,23442.14285714286,15117.0,0,0,0,0.0
2017,Ｊ１,第３４節第１日,17/12/02(土),14:05,FC東京,0-0,Ｇ大阪,味スタ,30548,ＤＡＺＮ／ＴＯＫＹＯ　ＭＸ（録）,0,0,土,1,20260.666666666668,2017-12-02 14:05:00,2017-12-02,2017,12,14,11.1,0.0,やや寒い,0,13417.0,16817.0,21091.6,24676.428571428572,21982.5,0,0,0,0.0
2018,Ｊ１,第１節第２日,18/02/24(土),14:03,FC東京,1-1,浦和,味スタ,35951,ＤＡＺＮ／ＮＨＫ　ＢＳ１／ＴＯＫＹＯ　ＭＸ（録）,0,0,土,1,26638.666666666668,2018-02-24 14:03:00,2018-02-24,2018,2,14,14.4,0.0,やや寒い,0,30548.0,13417.0,24693.8,25434.85714285714,33249.5,1,1,0,0.0
2018,Ｊ１,第２節第２日,18/03/03(土),15:03,FC東京,0-1,仙台,味スタ,16990,ＤＡＺＮ,0,0,土,1,27829.666666666668,2018-03-03 15:03:00,2018-03-03,2018,3,15,16.2,0.0,快適,0,35951.0,30548.0,22744.6,22628.428571428572,26470.5,0,1,0,0.0
2018,Ｊ１,第４節第１日,18/03/18(日),15:03,FC東京,1-0,湘南,味スタ,16568,ＤＡＺＮ,0,0,日,1,23169.666666666668,2018-03-18 15:03:00,2018-03-18,2018,3,15,15.8,0.0,快適,0,16990.0,35951.0,22694.8,22432.428571428572,16779.0,1,0,1,0.0
2018,Ｊ１,第５節第２日,18/03/31(土),15:03,FC東京,3-2,Ｇ大阪,味スタ,21940,ＤＡＺＮ,0,0,土,1,18499.333333333332,2018-03-31 15:03:00,2018-03-31,2018,3,15,18.1,0.0,快適,0,16568.0,16990.0,24399.4,21747.285714285714,19254.0,3,2,1,1.0
2018,Ｊ１,第７節第１日,18/04/11(水),19:03,FC東京,2-1,鹿島,味スタ,17260,ＤＡＺＮ,0,0,水,0,18589.333333333332,2018-04-11 19:03:00,2018-04-11,2018,4,19,21.9,0.0,快適2,0,21940.0,16568.0,21741.8,21810.571428571428,19600.0,2,1,1,1.0
2018,Ｊ１,第１０節第１日,18/04/25(水),19:03,FC東京,3-1,広島,味スタ,13425,ＤＡＺＮ,0,0,水,0,17541.666666666668,2018-04-25 19:03:00,2018-04-25,2018,4,19,22.5,57.0,快適2,1,17260.0,21940.0,17236.6,21811.714285714286,15342.5,3,1,1,1.0
2018,Ｊ１,第１１節第１日,18/04/28(土),15:03,FC東京,3-2,名古屋,味スタ,25185,ＤＡＺＮ,0,0,土,1,18623.333333333332,2018-04-28 15:03:00,2018-04-28,2018,4,15,26.1,0.0,暑い,0,13425.0,17260.0,18875.6,21045.571428571428,19305.0,3,2,1,1.0
2018,Ｊ１,第１４節第２日,18/05/13(日),16:04,FC東京,0-0,札幌,味スタ,24589,ＤＡＺＮ／ＴＯＫＹＯ　ＭＸ,0,0,日,1,21066.333333333332,2018-05-13 16:04:00,2018-05-13,2018,5,16,21.4,49.0,快適2,1,25185.0,13425.0,20479.8,19422.428571428572,24887.0,0,0,0,1.0
2018,Ｊ１,第１７節第１日,18/07/22(日),19:04,FC東京,5-2,横浜FM,味スタ,34126,ＤＡＺＮ／ＴＯＫＹＯ　ＭＸ,0,0,日,1,27966.666666666668,2018-07-22 19:04:00,2018-07-22,2018,7,19,35.6,0.0,酷暑,0,24589.0,25185.0,22917.0,21870.428571428572,29357.5,5,2,1,0.0
2018,Ｊ１,第１８節第１日,18/07/27(金),19:03,FC東京,0-1,長崎,味スタ,23063,ＤＡＺＮ,0,0,金,0,27259.333333333332,2018-07-27 19:03:00,2018-07-27,2018,7,19,28.5,0.0,暑い,0,34126.0,24589.0,24077.6,22798.285714285714,28594.5,0,1,0,1.0
2018,Ｊ１,第２０節第１日,18/08/05(日),19:03,FC東京,1-0,神戸,味スタ,44801,ＤＡＺＮ／ＮＨＫ　ＢＳ１,0,0,日,1,33996.666666666664,2018-08-05 19:03:00,2018-08-05,2018,8,19,34.7,0.0,猛暑,0,23063.0,34126.0,30352.8,26064.14285714286,33932.0,1,0,1,0.0
2018,Ｊ１,第２２節第１日,18/08/15(水),19:03,FC東京,0-1,柏,味スタ,20986,ＤＡＺＮ,0,0,水,0,29616.666666666668,2018-08-15 19:03:00,2018-08-15,2018,8,19,33.1,0.0,猛暑,0,44801.0,23063.0,29513.0,26596.428571428572,32893.5,0,1,0,1.0
2018,Ｊ１,第２５節第３日,18/09/02(日),19:03,FC東京,0-0,鳥栖,味スタ,30867,ＤＡＺＮ,0,0,日,1,32218.0,2018-09-02 19:03:00,2018-09-02,2018,9,19,23.7,7.5,快適2,1,20986.0,44801.0,30768.6,29088.14285714286,25926.5,0,0,0,0.0
2018,Ｊ１,第２８節第１日,18/09/29(土),17:05,FC東京,0-2,清水,味スタ,33789,ＤＡＺＮ／ＴＯＫＹＯ　ＭＸ（録）,0,0,土,1,28547.333333333332,2018-09-29 17:05:00,2018-09-29,2018,9,17,21.3,9.5,快適2,1,30867.0,20986.0,30701.2,30317.285714285714,32328.0,0,2,0,0.0
2018,Ｊ１,第３０節第２日,18/10/20(土),19:03,FC東京,0-1,Ｃ大阪,味スタ,28053,ＤＡＺＮ,0,0,土,1,30903.0,2018-10-20 19:03:00,2018-10-20,2018,10,19,22.0,9.0,快適2,1,33789.0,30867.0,31699.2,30812.14285714286,30921.0,0,1,0,0.0
2018,Ｊ１,第３２節第２日,18/11/10(土),14:03,FC東京,0-0,磐田,味スタ,24323,ＤＡＺＮ,0,0,土,1,28721.666666666668,2018-11-10 14:03:00,2018-11-10,2018,11,14,22.8,1.5,快適2,1,28053.0,33789.0,27603.6,29411.714285714286,26188.0,0,0,0,0.0
2018,Ｊ１,第３３節第１日,18/11/24(土),14:03,FC東京,0-2,川崎Ｆ,味スタ,37422,ＤＡＺＮ／ＮＨＫ総合／ＴＯＫＹＯ　ＭＸ,0,0,土,1,29932.666666666668,2018-11-24 14:03:00,2018-11-24,2018,11,14,12.1,0.0,やや寒い,0,24323.0,28053.0,30890.8,31463.0,30872.5,0,2,0,0.0
2019,Ｊ１,第３節第２日,19/03/10(日),14:03,FC東京,2-0,鳥栖,味スタ,27937,ＤＡＺＮ／ＴＯＫＹＯ　ＭＸ,0,0,日,1,29894.0,2019-03-10 14:03:00,2019-03-10,2019,3,14,16.4,6.5,快適,1,37422.0,24323.0,30304.8,29053.85714285714,32679.5,2,0,1,0.0
2019,Ｊ１,第４節第１日,19/03/17(日),13:33,FC東京,1-0,名古屋,味スタ,25656,ＤＡＺＮ,0,0,日,1,30338.333333333332,2019-03-17 13:33:00,2019-03-17,2019,3,13,15.3,0.0,快適,0,27937.0,37422.0,28678.2,29721.0,26796.5,1,0,1,1.0
2019,Ｊ１,第６節第２日,19/04/06(土),14:03,FC東京,2-1,清水,味スタ,22302,ＤＡＺＮ,0,0,土,1,25298.333333333332,2019-04-06 14:03:00,2019-04-06,2019,4,14,21.6,0.0,快適2,0,25656.0,27937.0,27528.0,28497.428571428572,23979.0,2,1,1,1.0
2019,Ｊ１,第７節第２日,19/04/14(日),14:03,FC東京,3-1,鹿島,味スタ,38414,ＤＡＺＮ,0,0,日,1,28790.666666666668,2019-04-14 14:03:00,2019-04-14,2019,4,14,18.3,0.0,快適,0,22302.0,25656.0,30346.2,29158.14285714286,30358.0,3,1,1,1.0
2019,Ｊ１,第９節第２日,19/04/28(日),14:03,FC東京,2-0,松本,味スタ,36412,ＤＡＺＮ／ＴＯＫＹＯ　ＭＸ,0,0,日,1,32376.0,2019-04-28 14:03:00,2019-04-28,2019,4,14,18.7,0.0,快適,0,38414.0,22302.0,30144.2,30352.285714285714,37413.0,2,0,1,1.0
2019,Ｊ１,第１１節第２日,19/05/12(日),14:03,FC東京,1-0,磐田,味スタ,31075,ＤＡＺＮ,0,0,日,1,35300.333333333336,2019-05-12 14:03:00,2019-05-12,2019,5,14,22.2,0.0,快適2,0,36412.0,38414.0,30771.8,31316.85714285714,33743.5,1,0,1,1.0
2019,Ｊ１,第１２節第２日,19/05/18(土),14:03,FC東京,2-0,札幌,味スタ,24772,ＤＡＺＮ,0,0,土,1,30753.0,2019-05-18 14:03:00,2019-05-18,2019,5,14,25.6,0.0,暑い,0,31075.0,36412.0,30595.0,29509.714285714286,27923.5,2,0,1,1.0
2019,Ｊ１,第１４節第２日,19/06/01(土),14:03,FC東京,3-1,大分,味スタ,25175,ＤＡＺＮ,0,0,土,1,27007.333333333332,2019-06-01 14:03:00,2019-06-01,2019,6,14,25.7,0.0,暑い,0,24772.0,31075.0,31169.6,29115.14285714286,24973.5,3,1,1,1.0
2019,Ｊ１,第１５節第２日,19/06/15(土),19:03,FC東京,0-1,神戸,味スタ,38506,ＤＡＺＮ／ＴＯＫＹＯ　ＭＸ,0,0,土,1,29484.333333333332,2019-06-15 19:03:00,2019-06-15,2019,6,19,20.9,51.0,快適2,1,25175.0,24772.0,31188.0,30950.85714285714,31840.5,0,1,0,1.0
2019,Ｊ１,第１７節第１日,19/06/29(土),19:03,FC東京,4-2,横浜FM,味スタ,33705,ＤＡＺＮ／ＮＨＫ　ＢＳ１,0,0,土,1,32462.0,2019-06-29 19:03:00,2019-06-29,2019,6,19,21.5,3.0,快適2,1,38506.0,25175.0,30646.6,32579.85714285714,36105.5,4,2,1,0.0
2019,Ｊ１,第１８節第２日,19/07/07(日),19:03,FC東京,3-1,Ｇ大阪,味スタ,28209,ＤＡＺＮ,0,0,日,1,33473.333333333336,2019-07-07 19:03:00,2019-07-07,2019,7,19,20.8,22.5,快適2,1,33705.0,38506.0,30073.4,31122.0,30957.0,3,1,1,1.0
2019,Ｊ１,第１９節第２日,19/07/14(日),19:03,FC東京,0-3,川崎Ｆ,味スタ,42401,ＤＡＺＮ／ＴＯＫＹＯ　ＭＸ,0,0,日,1,34771.666666666664,2019-07-14 19:03:00,2019-07-14,2019,7,19,22.5,39.0,快適2,1,28209.0,33705.0,33599.2,31977.571428571428,35305.0,0,3,0,1.0
2019,Ｊ１,第２１節第２日,19/08/03(土),19:03,FC東京,3-0,Ｃ大阪,味スタ,28721,ＤＡＺＮ,0,0,土,1,33110.333333333336,2019-08-03 19:03:00,2019-08-03,2019,8,19,33.7,0.0,猛暑,0,42401.0,28209.0,34308.4,31641.285714285714,35561.0,3,0,1,0.0
2019,Ｊ１,第２２節第１日,19/08/10(土),19:03,FC東京,1-0,仙台,味スタ,28435,ＤＡＺＮ,0,0,土,1,33185.666666666664,2019-08-10 19:03:00,2019-08-10,2019,8,19,34.4,0.0,猛暑,0,28721.0,42401.0,32294.2,32164.571428571428,28578.0,1,0,1,1.0
2019,Ｊ１,第２３節第１日,19/08/17(土),19:03,FC東京,0-1,広島,味スタ,30015,ＤＡＺＮ,0,0,土,1,29057.0,2019-08-17 19:03:00,2019-08-17,2019,8,19,35.5,0.0,酷暑,0,28435.0,28721.0,31556.2,32856.0,29225.0,0,1,0,1.0
2019,Ｊ１,第３２節第２日,19/11/23(土・祝),14:03,FC東京,1-1,湘南,味スタ,34250,ＤＡＺＮ／ＮＨＫ総合,0,0,土・祝,1,30900.0,2019-11-23 14:03:00,2019-11-23,2019,11,14,13.0,60.5,やや寒い,1,30015.0,28435.0,32764.4,32248.0,32132.5,1,1,0,0.0
2019,Ｊ１,第３３節第１日,19/11/30(土),14:04,FC東京,1-1,浦和,味スタ,40202,ＤＡＺＮ／ＴＯＫＹＯ　ＭＸ／テレ玉,0,0,土,1,34822.333333333336,2019-11-30 14:04:00,2019-11-30,2019,11,14,12.0,0.0,やや寒い,0,34250.0,30015.0,32324.6,33176.142857142855,37226.0,1,1,0,0.0
2020,Ｊ１,第３節第１日,20/07/08(水),19:33,FC東京,0-4,川崎Ｆ,味スタ,0,ＤＡＺＮ,1,0,水,0,24817.333333333332,2020-07-08 19:33:00,2020-07-08,2020,7,19,28.5,3.0,暑い,1,40202.0,34250.0,26580.4,29146.285714285714,20101.0,0,4,0,0.0
2020,Ｊ１,第５節第１日,20/07/18(土),19:03,FC東京,2-0,浦和,味スタ,4705,ＤＡＺＮ／ＮＨＫ　ＢＳ１／ＴＯＫＹＯ　ＭＸ,1,0,土,1,14969.0,2020-07-18 19:03:00,2020-07-18,2020,7,19,22.0,20.0,快適2,1,0.0,40202.0,21834.4,23761.14285714286,2352.5,2,0,1,0.0
2020,Ｊ１,第８節第１日,20/08/01(土),19:03,FC東京,2-3,鳥栖,味スタ,4760,ＤＡＺＮ／ＮＨＫ　ＢＳ１,1,0,土,1,3155.0,2020-08-01 19:03:00,2020-08-01,2020,8,19,31.8,0.5,猛暑,1,4705.0,0.0,16783.4,20338.14285714286,4732.5,2,3,0,1.0
2020,Ｊ１,第１０節第１日,20/08/15(土),19:03,FC東京,1-0,名古屋,味スタ,4435,ＤＡＺＮ,1,0,土,1,4633.333333333333,2020-08-15 19:03:00,2020-08-15,2020,8,19,36.1,0.0,酷暑,0,4760.0,4705.0,10820.4,16909.571428571428,4597.5,1,0,1,0.0
2020,Ｊ１,第１２節第２日,20/08/23(日),19:03,FC東京,3-0,湘南,味スタ,4599,ＤＡＺＮ／ＴＯＫＹＯ　ＭＸ,1,0,日,1,4598.0,2020-08-23 19:03:00,2020-08-23,2020,8,19,29.4,38.0,暑い,1,4435.0,4760.0,3699.8,13278.714285714286,4517.0,3,0,1,1.0
2020,Ｊ１,第２６節第１日,20/08/26(水),19:03,FC東京,1-2,鹿島,味スタ,4390,ＤＡＺＮ,1,0,水,0,4474.666666666667,2020-08-26 19:03:00,2020-08-26,2020,8,19,34.0,0.0,猛暑,0,4599.0,4435.0,4577.8,9013.0,4494.5,1,2,0,1.0
2020,Ｊ１,第１５節第１日,20/09/09(水),19:03,FC東京,2-1,横浜FC,味スタ,4941,ＤＡＺＮ／ＮＨＫ　ＢＳ１,1,0,水,0,4643.333333333333,2020-09-09 19:03:00,2020-09-09,2020,9,19,33.6,0.5,猛暑,1,4390.0,4599.0,4625.0,3975.714285714286,4665.5,2,1,1,0.0
2020,Ｊ１,第２４節第２日,20/09/16(水),19:03,FC東京,2-3,大分,味スタ,4782,ＤＡＺＮ,1,0,水,0,4704.333333333333,2020-09-16 19:03:00,2020-09-16,2020,9,19,28.1,2.0,暑い,1,4941.0,4390.0,4629.4,4658.857142857143,4861.5,2,3,0,1.0
2020,Ｊ１,第１７節第２日,20/09/20(日),19:03,FC東京,1-0,仙台,味スタ,4981,ＤＡＺＮ／ＴＯＫＹＯ　ＭＸ,1,0,日,1,4901.333333333333,2020-09-20 19:03:00,2020-09-20,2020,9,19,23.7,0.5,快適2,1,4782.0,4941.0,4738.6,4698.285714285715,4881.5,1,0,1,0.0
2020,Ｊ１,第１８節第１日,20/09/23(水),19:03,FC東京,2-0,Ｃ大阪,味スタ,4316,ＤＡＺＮ／ＮＨＫ　ＢＳ１,1,0,水,0,4693.0,2020-09-23 19:03:00,2020-09-23,2020,9,19,22.7,7.5,快適2,1,4981.0,4782.0,4682.0,4634.857142857143,4648.5,2,0,1,1.0
2020,Ｊ１,第２１節第１日,20/10/10(土),14:03,FC東京,0-1,Ｇ大阪,味スタ,8166,ＤＡＺＮ,1,0,土,1,5821.0,2020-10-10 14:03:00,2020-10-10,2020,10,14,17.1,73.5,快適,1,4316.0,4981.0,5437.2,5167.857142857143,6241.0,0,1,0,1.0
2020,Ｊ１,第２２節第１日,20/10/14(水),19:03,FC東京,3-1,清水,味スタ,3812,ＤＡＺＮ／ＮＨＫ　ＢＳ１,1,0,水,0,5431.333333333333,2020-10-14 19:03:00,2020-10-14,2020,10,19,23.2,0.0,快適2,0,8166.0,4316.0,5211.4,5055.428571428572,5989.0,3,1,1,0.0
2020,Ｊ１,第２８節第１日,20/10/24(土),15:03,FC東京,0-4,横浜FM,味スタ,9518,ＤＡＺＮ　ＡＦＣチャンピオンズリーグ２０２０の日程等に伴い、８月４日の発表時より日程が変更となっております。,1,0,土,1,7165.333333333333,2020-10-24 15:03:00,2020-10-24,2020,10,15,21.2,0.0,快適2,0,3812.0,8166.0,6158.6,5788.0,6665.0,0,4,0,1.0
2020,Ｊ１,第３０節第１日,20/10/28(水),19:03,FC東京,1-3,柏,味スタ,6632,ＤＡＺＮ　ＡＦＣチャンピオンズリーグ２０２０の日程等に伴い、８月４日の発表時より日程が変更となっております。,1,0,水,0,6654.0,2020-10-28 19:03:00,2020-10-28,2020,10,19,20.2,0.0,快適2,0,9518.0,3812.0,6488.8,6029.571428571428,8075.0,1,3,0,0.0
2020,Ｊ１,第３３節第２日,20/11/11(水),19:03,FC東京,1-0,札幌,味スタ,6357,ＤＡＺＮ　ＡＦＣチャンピオンズリーグ２０２０の日程等に伴い、８月４日の発表時より日程が変更となっております。,1,0,水,0,7502.333333333333,2020-11-11 19:03:00,2020-11-11,2020,11,19,16.9,0.0,快適,0,6632.0,9518.0,6897.0,6254.571428571428,6494.5,1,0,1,0.0
2020,Ｊ１,第３１節第５日,20/12/12(土),14:03,FC東京,1-0,広島,味スタ,9755,ＤＡＺＮ　ＡＦＣチャンピオンズリーグ２０２０の日程等に伴い、８月４日の発表時より日程が変更となっております。,1,0,土,1,7581.333333333333,2020-12-12 14:03:00,2020-12-12,2020,12,14,15.0,0.0,やや寒い,0,6357.0,6632.0,7214.8,6936.571428571428,8056.0,1,0,1,1.0
2020,Ｊ１,第３４節第１日,20/12/19(土),14:03,FC東京,1-0,神戸,味スタ,14373,ＤＡＺＮ,1,0,土,1,10161.666666666666,2020-12-19 14:03:00,2020-12-19,2020,12,14,9.4,0.0,寒い,0,9755.0,6357.0,9327.0,8373.285714285714,12064.0,1,0,1,1.0
2021,Ｊ１,第２節第１日,21/03/06(土),14:03,FC東京,3-2,Ｃ大阪,味スタ,4768,ＤＡＺＮ／ＴＯＫＹＯ　ＭＸ,1,0,土,1,9632.0,2021-03-06 14:03:00,2021-03-06,2021,3,14,21.0,0.5,快適2,1,14373.0,9755.0,8377.0,7887.857142857143,9570.5,3,2,1,1.0
2021,Ｊ１,第３節第１日,21/03/10(水),18:03,FC東京,2-3,神戸,味スタ,4707,ＤＡＺＮ,1,0,水,0,7949.333333333333,2021-03-10 18:03:00,2021-03-10,2021,3,18,19.4,0.0,快適,0,4768.0,14373.0,7992.0,8015.714285714285,4737.5,2,3,0,1.0
2021,Ｊ１,第５節第１日,21/03/17(水),18:01,FC東京,3-2,湘南,味スタ,4133,ＤＡＺＮ／ＮＨＫ　ＢＳ１,1,0,水,0,4536.0,2021-03-17 18:01:00,2021-03-17,2021,3,18,20.1,0.0,快適2,0,4707.0,4768.0,7547.2,7246.428571428572,4420.0,3,2,1,0.0
2021,Ｊ１,第６節第２日,21/03/21(日),13:03,FC東京,2-1,仙台,味スタ,4402,ＤＡＺＮ,1,0,日,1,4414.0,2021-03-21 13:03:00,2021-03-21,2021,3,13,19.7,46.5,快適,1,4133.0,4707.0,6476.6,6927.857142857143,4267.5,2,1,1,1.0
2021,Ｊ１,第８節第２日,21/04/07(水),19:03,FC東京,2-1,札幌,味スタ,6236,ＤＡＺＮ,1,0,水,0,4923.666666666667,2021-04-07 19:03:00,2021-04-07,2021,4,19,19.6,0.0,快適,0,4402.0,4133.0,4849.2,6910.571428571428,5319.0,2,1,1,1.0
2021,Ｊ１,第９節第２日,21/04/11(日),14:03,FC東京,2-4,川崎Ｆ,味スタ,17615,ＤＡＺＮ,1,0,日,1,9417.666666666666,2021-04-11 14:03:00,2021-04-11,2021,4,14,18.6,0.0,快適,0,6236.0,4402.0,7418.6,8033.428571428572,11925.5,2,4,0,1.0
2021,Ｊ１,第１１節第３日,21/04/24(土),14:03,FC東京,1-2,鳥栖,味スタ,4914,ＤＡＺＮ,1,0,土,1,9588.333333333334,2021-04-24 14:03:00,2021-04-24,2021,4,14,21.6,0.0,快適2,0,17615.0,6236.0,7460.0,6682.142857142857,11264.5,1,2,0,0.0
2021,Ｊ１,第１２節第１日,21/05/01(土),14:03,FC東京,0-3,横浜FM,味スタ,0,ＤＡＺＮ,1,0,土,1,7509.666666666667,2021-05-01 14:03:00,2021-05-01,2021,5,14,24.1,8.0,快適2,1,4914.0,17615.0,6633.4,6001.0,2457.0,0,3,0,0.0
2021,Ｊ１,第１５節第１日,21/05/22(土),19:01,FC東京,1-0,Ｇ大阪,味スタ,4886,ＤＡＺＮ／ＮＨＫ　ＢＳ１,1,0,土,1,3266.6666666666665,2021-05-22 19:01:00,2021-05-22,2021,5,19,23.4,2.0,快適2,1,0.0,4914.0,6730.2,6026.571428571428,2443.0,1,0,1,0.0
2021,Ｊ１,第１７節第２日,21/05/30(日),14:03,FC東京,0-0,広島,味スタ,4954,ＤＡＺＮ,1,0,日,1,3280.0,2021-05-30 14:03:00,2021-05-30,2021,5,14,26.8,0.5,暑い,1,4886.0,0.0,6473.8,6143.857142857143,4920.0,0,0,0,1.0
2021,Ｊ１,第２０節第２日,21/06/27(日),19:03,FC東京,3-0,大分,味スタ,4819,ＤＡＺＮ,1,0,日,1,4886.333333333333,2021-06-27 19:03:00,2021-06-27,2021,6,19,26.7,0.0,暑い,0,4954.0,4886.0,3914.6,6203.428571428572,4886.5,3,0,1,0.0
2021,Ｊ１,第２８節第３日,21/09/12(日),19:04,FC東京,0-1,柏,味スタ,4987,ＤＡＺＮ／ＴＯＫＹＯ　ＭＸ,1,0,日,1,4920.0,2021-09-12 19:04:00,2021-09-12,2021,9,19,26.9,0.0,暑い,0,4819.0,4954.0,3929.2,6025.0,4903.0,0,1,0,1.0
2021,Ｊ１,第２９節第２日,21/09/18(土),19:03,FC東京,4-0,横浜FC,味スタ,4368,ＤＡＺＮ,1,0,土,1,4724.666666666667,2021-09-18 19:03:00,2021-09-18,2021,9,19,26.0,124.5,暑い,1,4987.0,4819.0,4802.8,4132.571428571428,4677.5,4,0,1,0.0
2021,Ｊ１,第３２節第１日,21/09/22(水),19:03,FC東京,1-1,名古屋,味スタ,4982,ＤＡＺＮ,1,0,水,0,4779.0,2021-09-22 19:03:00,2021-09-22,2021,9,19,29.5,1.0,暑い,1,4368.0,4987.0,4822.0,4142.285714285715,4675.0,1,1,0,1.0
2021,Ｊ１,第３０節第２日,21/09/25(土),15:03,FC東京,1-2,浦和,味スタ,4875,ＤＡＺＮ,1,0,土,1,4741.666666666667,2021-09-25 15:03:00,2021-09-25,2021,9,15,24.5,0.0,快適2,0,4982.0,4368.0,4806.2,4838.714285714285,4928.5,1,2,0,0.0
2021,Ｊ１,第３３節第２日,21/10/23(土),14:03,FC東京,1-2,鹿島,味スタ,9748,ＤＡＺＮ,1,0,土,1,6535.0,2021-10-23 14:03:00,2021-10-23,2021,10,14,19.2,0.0,快適,0,4875.0,4982.0,5792.0,5533.285714285715,7311.5,1,2,0,0.0
2021,Ｊ１,第３４節第１日,21/11/03(水・祝),14:03,FC東京,4-0,清水,味スタ,18209,ＤＡＺＮ,1,0,水・祝,1,10944.0,2021-11-03 14:03:00,2021-11-03,2021,11,14,22.1,0.0,快適2,0,9748.0,4875.0,8436.4,7426.857142857143,13978.5,4,0,1,0.0
2021,Ｊ１,第３６節第１日,21/11/20(土),14:03,FC東京,0-2,徳島,味スタ,12670,ＤＡＺＮ,1,0,土,1,13542.333333333334,2021-11-20 14:03:00,2021-11-20,2021,11,14,18.7,0.0,快適,0,18209.0,9748.0,10096.8,8548.42857142857,15439.5,0,2,0,1.0
2021,Ｊ１,第３８節第１日,21/12/04(土),14:03,FC東京,0-0,福岡,味スタ,14364,ＤＡＺＮ／ＴＯＫＹＯ　ＭＸ,1,0,土,1,15081.0,2021-12-04 14:03:00,2021-12-04,2021,12,14,14.9,0.0,やや寒い,0,12670.0,18209.0,11973.2,9888.0,13517.0,0,0,0,0.0
2022,Ｊ１,第４節第２日,22/03/12(土),15:03,FC東京,2-1,広島,味スタ,14415,ＤＡＺＮ,0,0,土,1,13816.333333333334,2022-03-12 15:03:00,2022-03-12,2022,3,15,21.8,0.0,快適2,0,14364.0,12670.0,13881.2,11323.285714285714,14389.5,2,1,1,0.0
2022,Ｊ１,第７節第２日,22/04/06(水),19:03,FC東京,3-1,神戸,味スタ,13814,ＤＡＺＮ,0,0,水,0,14197.666666666666,2022-04-06 19:03:00,2022-04-06,2022,4,19,21.8,0.0,快適2,0,14415.0,14364.0,14694.4,12585.0,14114.5,3,1,1,1.0
2022,Ｊ１,第８節第２日,22/04/10(日),14:02,FC東京,0-0,浦和,味スタ,22429,ＤＡＺＮ／ＮＨＫ総合,0,0,日,1,16886.0,2022-04-10 14:02:00,2022-04-10,2022,4,14,26.8,0.0,暑い,0,13814.0,14415.0,15538.4,15092.714285714286,18121.5,0,0,0,1.0
2022,Ｊ１,第２節第３日,22/04/20(水),19:03,FC東京,0-0,名古屋,味スタ,11214,ＤＡＺＮ,0,0,水,0,15819.0,2022-04-20 19:03:00,2022-04-20,2022,4,19,14.0,1.5,やや寒い,1,22429.0,13814.0,15247.2,15302.142857142857,16821.5,0,0,0,0.0
2022,Ｊ１,第１０節第３日,22/04/29(金・祝),19:03,FC東京,2-0,Ｇ大阪,国立,43125,ＤＡＺＮ,0,1,金・祝,1,25589.333333333332,2022-04-29 19:03:00,2022-04-29,2022,4,19,16.4,40.0,快適,1,11214.0,22429.0,20999.4,18861.571428571428,27169.5,2,0,1,0.0
2022,Ｊ１,第１２節第３日,22/05/08(日),15:05,FC東京,0-1,鳥栖,味スタ,15822,ＤＡＺＮ,0,0,日,1,23387.0,2022-05-08 15:05:00,2022-05-08,2022,5,15,22.5,0.0,快適2,0,43125.0,11214.0,21280.8,19311.85714285714,29473.5,0,1,0,1.0
2022,Ｊ１,第１４節第１日,22/05/21(土),15:03,FC東京,0-0,柏,味スタ,13603,ＤＡＺＮ,0,0,土,1,24183.333333333332,2022-05-21 15:03:00,2022-05-21,2022,5,15,20.7,39.5,快適2,1,15822.0,43125.0,21238.6,19203.14285714286,14712.5,0,0,0,0.0
2022,Ｊ１,第１６節第２日,22/05/29(日),15:03,FC東京,3-1,鹿島,味スタ,28436,ＤＡＺＮ,0,0,日,1,19287.0,2022-05-29 15:03:00,2022-05-29,2022,5,15,31.2,0.0,猛暑,0,13603.0,15822.0,22440.0,21206.14285714286,21019.5,3,1,1,0.0
2022,Ｊ１,第１９節第１日,22/07/02(土),18:03,FC東京,2-2,福岡,味スタ,14613,ＤＡＺＮ,0,0,土,1,18884.0,2022-07-02 18:03:00,2022-07-02,2022,7,18,35.2,0.0,酷暑,0,28436.0,13603.0,23119.8,21320.285714285714,21524.5,2,2,0,1.0
2022,Ｊ１,第２０節第１日,22/07/06(水),19:03,FC東京,3-0,札幌,味スタ,11516,ＤＡＺＮ,0,0,水,0,18188.333333333332,2022-07-06 19:03:00,2022-07-06,2022,7,19,31.1,0.0,猛暑,0,14613.0,28436.0,16798.0,19761.285714285714,13064.5,3,0,1,0.0
2022,Ｊ１,第２２節第２日,22/07/17(日),18:03,FC東京,2-0,磐田,味スタ,18212,ＤＡＺＮ,0,0,日,1,14780.333333333334,2022-07-17 18:03:00,2022-07-17,2022,7,18,29.8,1.5,暑い,1,11516.0,14613.0,17276.0,20761.0,14864.0,2,0,1,1.0
2022,Ｊ１,第２４節第２日,22/08/07(日),18:04,FC東京,0-2,清水,味スタ,20577,ＤＡＺＮ,0,0,日,1,16768.333333333332,2022-08-07 18:04:00,2022-08-07,2022,8,18,33.0,0.0,猛暑,0,18212.0,11516.0,18670.8,17539.85714285714,19394.5,0,2,0,1.0
2022,Ｊ１,第２８節第２日,22/09/03(土),19:08,FC東京,2-2,横浜FM,味スタ,29034,ＤＡＺＮ,0,0,土,1,22607.666666666668,2022-09-03 19:08:00,2022-09-03,2022,9,19,29.1,0.0,暑い,0,20577.0,18212.0,18790.4,19427.285714285714,24805.5,2,2,0,0.0
2022,Ｊ１,第３０節第３日,22/09/18(日),19:03,FC東京,2-0,京都,国立,50994,ＤＡＺＮ,0,1,日,1,33535.0,2022-09-18 19:03:00,2022-09-18,2022,9,19,26.7,72.5,暑い,1,29034.0,20577.0,26066.6,24768.85714285714,40014.0,2,0,1,0.0
2022,Ｊ１,第３２節第１日,22/10/08(土),15:04,FC東京,0-2,湘南,味スタ,24183,ＤＡＺＮ／ＴＯＫＹＯ　ＭＸ,0,0,土,1,34737.0,2022-10-08 15:04:00,2022-10-08,2022,10,15,20.9,0.0,快適2,0,50994.0,29034.0,28600.0,24161.285714285714,37588.5,0,2,0,1.0
2022,Ｊ１,第２５節第４日,22/10/12(水),19:03,FC東京,4-0,Ｃ大阪,味スタ,12449,ＤＡＺＮ,0,0,水,0,29208.666666666668,2022-10-12 19:03:00,2022-10-12,2022,10,19,20.0,0.0,快適,0,24183.0,50994.0,27447.4,23852.14285714286,18316.0,4,0,1,0.0
2022,Ｊ１,第３４節第１日,22/11/05(土),14:03,FC東京,2-3,川崎Ｆ,味スタ,34820,ＤＡＺＮ／ＴＯＫＹＯ　ＭＸ／ＮＨＫ　ＢＳ１,0,0,土,1,23817.333333333332,2022-11-05 14:03:00,2022-11-05,2022,11,14,17.3,0.0,快適,0,12449.0,24183.0,30296.0,27181.285714285714,23634.5,2,3,0,1.0
2023,Ｊ１,第１節第２日,23/02/18(土),14:03,FC東京,2-0,浦和,味スタ,38051,ＤＡＺＮ／ＮＨＫ総合,0,0,土,1,28440.0,2023-02-18 14:03:00,2023-02-18,2023,2,14,15.0,0.0,やや寒い,0,34820.0,12449.0,32099.4,30015.428571428572,36435.5,2,0,1,0.0
2023,Ｊ１,第４節第２日,23/03/12(日),15:03,FC東京,3-1,横浜FC,味スタ,23752,ＤＡＺＮ／ＴＯＫＹＯ　ＭＸ,0,0,日,1,32207.666666666668,2023-03-12 15:03:00,2023-03-12,2023,3,15,18.8,0.0,快適,0,38051.0,34820.0,26651.0,30469.0,30901.5,3,1,1,1.0
2023,Ｊ１,第７節第２日,23/04/09(日),15:04,FC東京,2-2,湘南,味スタ,20949,ＤＡＺＮ,0,0,日,1,27584.0,2023-04-09 15:04:00,2023-04-09,2023,4,15,17.7,0.0,快適,0,23752.0,38051.0,26004.2,29314.0,22350.5,2,2,0,1.0
2023,Ｊ１,第８節第１日,23/04/15(土),16:03,FC東京,1-2,Ｃ大阪,味スタ,16939,ＤＡＺＮ,0,0,土,1,20546.666666666668,2023-04-15 16:03:00,2023-04-15,2023,4,16,18.0,33.0,快適,1,20949.0,23752.0,26902.2,24449.0,18944.0,1,2,0,0.0
2023,Ｊ１,第１０節第１日,23/04/29(土・祝),15:03,FC東京,2-1,新潟,味スタ,32181,ＤＡＺＮ,0,0,土・祝,1,23356.333333333332,2023-04-29 15:03:00,2023-04-29,2023,4,15,23.8,1.0,快適2,1,16939.0,20949.0,26374.4,25591.571428571428,24560.0,2,1,1,0.0
2023,Ｊ１,第１３節第１日,23/05/12(金),19:34,FC東京,2-1,川崎Ｆ,国立,56705,ＤＡＺＮ,0,1,金,0,35275.0,2023-05-12 19:34:00,2023-05-12,2023,5,19,21.9,0.0,快適2,0,32181.0,16939.0,30105.2,31913.85714285714,44443.0,2,1,1,1.0
2023,Ｊ１,第１６節第１日,23/06/03(土),15:03,FC東京,2-3,横浜FM,味スタ,28553,ＤＡＺＮ,0,0,土,1,39146.333333333336,2023-06-03 15:03:00,2023-06-03,2023,6,15,24.0,92.5,快適2,1,56705.0,32181.0,31065.4,31018.571428571428,42629.0,2,3,0,1.0
2023,Ｊ１,第１８節第１日,23/06/24(土),19:03,FC東京,2-0,名古屋,味スタ,28636,ＤＡＺＮ,0,0,土,1,37964.666666666664,2023-06-24 19:03:00,2023-06-24,2023,6,19,29.5,0.0,暑い,0,28553.0,56705.0,32602.8,29673.571428571428,28594.5,2,0,1,0.0
2023,Ｊ１,第１９節第２日,23/07/01(土),19:03,FC東京,1-0,柏,味スタ,20571,ＤＡＺＮ,0,0,土,1,25920.0,2023-07-01 19:03:00,2023-07-01,2023,7,19,27.8,13.5,暑い,1,28636.0,28553.0,33329.2,29219.14285714286,24603.5,1,0,1,1.0
2023,Ｊ１,第２１節第２日,23/07/16(日),19:03,FC東京,1-3,鹿島,味スタ,37014,ＤＡＺＮ,0,0,日,1,28740.333333333332,2023-07-16 19:03:00,2023-07-16,2023,7,19,35.3,0.0,酷暑,0,20571.0,28636.0,34295.8,31514.14285714286,28792.5,1,3,0,1.0
2023,Ｊ１,第２３節第１日,23/08/12(土),19:03,FC東京,2-0,京都,味スタ,23162,ＤＡＺＮ／ＮＨＫ　ＢＳ１,0,0,土,1,26915.666666666668,2023-08-12 19:03:00,2023-08-12,2023,8,19,35.5,0.0,酷暑,0,37014.0,20571.0,27587.2,32403.14285714286,30088.0,2,0,1,0.0
2023,Ｊ１,第２５節第２日,23/08/26(土),19:03,FC東京,2-2,神戸,国立,48634,ＤＡＺＮ,0,1,土,1,36270.0,2023-08-26 19:03:00,2023-08-26,2023,8,19,33.4,3.5,猛暑,1,23162.0,37014.0,31603.4,34753.57142857143,35898.0,2,2,0,1.0
2023,Ｊ１,第２６節第２日,23/09/03(日),19:03,FC東京,1-2,福岡,味スタ,16068,ＤＡＺＮ,0,0,日,1,29288.0,2023-09-03 19:03:00,2023-09-03,2023,9,19,34.6,3.5,猛暑,1,48634.0,23162.0,29089.8,28948.285714285714,32351.0,1,2,0,0.0
2023,Ｊ１,第２８節第１日,23/09/23(土・祝),15:04,FC東京,3-2,鳥栖,味スタ,20303,ＤＡＺＮ／ＴＯＫＹＯ　ＭＸ,0,0,土・祝,1,28335.0,2023-09-23 15:04:00,2023-09-23,2023,9,15,24.3,4.0,快適2,1,16068.0,48634.0,29036.2,27769.714285714286,18185.5,3,2,1,0.0
2023,Ｊ１,第２９節第３日,23/10/01(日),15:03,FC東京,3-0,Ｇ大阪,味スタ,30521,ＤＡＺＮ／ＴＯＫＹＯ　ＭＸ,0,0,日,1,22297.333333333332,2023-10-01 15:03:00,2023-10-01,2023,10,15,29.9,0.0,暑い,0,20303.0,16068.0,27737.6,28039.0,25412.0,3,0,1,1.0
2023,Ｊ１,第３１節第２日,23/10/28(土),15:03,FC東京,1-2,広島,味スタ,30981,ＤＡＺＮ／ＴＯＫＹＯ　ＭＸ,0,0,土,1,27268.333333333332,2023-10-28 15:03:00,2023-10-28,2023,10,15,21.4,0.0,快適2,0,30521.0,20303.0,29301.4,29526.14285714286,30751.0,1,2,0,1.0
2023,Ｊ１,第３３節第２日,23/11/25(土),14:03,FC東京,1-3,札幌,味スタ,26945,ＤＡＺＮ,0,0,土,1,29482.333333333332,2023-11-25 14:03:00,2023-11-25,2023,11,14,13.5,0.0,やや寒い,0,30981.0,30521.0,24963.6,28087.714285714286,28963.0,1,3,0,0.0
2024,Ｊ１,第２節第２日,24/03/02(土),15:04,FC東京,1-1,広島,味スタ,32274,ＤＡＺＮ,0,0,土,1,30066.666666666668,2024-03-02 15:04:00,2024-03-02,2024,3,15,10.1,0.0,やや寒い,0,26945.0,30981.0,28204.8,29389.428571428572,29609.5,1,1,0,0.0
2024,Ｊ１,第３節第１日,24/03/09(土),16:03,FC東京,1-2,神戸,味スタ,24974,ＤＡＺＮ,0,0,土,1,28064.333333333332,2024-03-09 16:03:00,2024-03-09,2024,3,16,11.2,0.0,やや寒い,0,32274.0,26945.0,29139.0,26009.428571428572,28624.0,1,2,0,0.0
2024,Ｊ１,第６節第１日,24/04/03(水),19:33,FC東京,2-1,浦和,国立,49005,ＤＡＺＮ,0,1,水,0,35417.666666666664,2024-04-03 19:33:00,2024-04-03,2024,4,19,16.6,11.5,快適,1,24974.0,32274.0,32835.8,30714.714285714286,36989.5,2,1,1,0.0
2024,Ｊ１,第７節第２日,24/04/07(日),17:04,FC東京,2-0,鹿島,国立,52772,ＤＡＺＮ,0,1,日,1,42250.333333333336,2024-04-07 17:04:00,2024-04-07,2024,4,17,22.6,1.5,快適2,1,49005.0,24974.0,37194.0,35353.142857142855,50888.5,2,0,1,1.0
2024,Ｊ１,第９節第２日,24/04/21(日),15:03,FC東京,1-2,町田,味スタ,30811,ＤＡＺＮ／ＴＯＫＹＯ　ＭＸ（録）,0,0,日,1,44196.0,2024-04-21 15:03:00,2024-04-21,2024,4,15,23.3,5.0,快適2,1,52772.0,49005.0,37967.2,35394.57142857143,41791.5,1,2,0,1.0
2024,Ｊ１,第１１節第１日,24/05/03(金・祝),15:03,FC東京,2-1,京都,味スタ,26770,ＤＡＺＮ／ＴＯＫＹＯ　ＭＸ,0,0,金・祝,1,36784.333333333336,2024-05-03 15:03:00,2024-05-03,2024,5,15,24.2,0.0,快適2,0,30811.0,52772.0,36866.4,34793.0,28790.5,2,1,1,0.0
2024,Ｊ１,第１３節第１日,24/05/11(土),17:03,FC東京,3-3,柏,味スタ,22325,ＤＡＺＮ,0,0,土,1,26635.333333333332,2024-05-11 17:03:00,2024-05-11,2024,5,17,25.9,0.0,暑い,0,26770.0,30811.0,36336.6,34133.0,24547.5,3,3,0,1.0
2024,Ｊ１,第１５節第２日,24/05/19(日),15:03,FC東京,1-1,横浜FM,味スタ,30411,ＤＡＺＮ,0,0,日,1,26502.0,2024-05-19 15:03:00,2024-05-19,2024,5,15,24.1,0.0,快適2,0,22325.0,26770.0,32617.8,33866.857142857145,26368.0,1,1,0,0.0
2024,Ｊ１,第１６節第２日,24/05/26(日),15:03,FC東京,0-1,Ｇ大阪,味スタ,27972,ＤＡＺＮ,0,0,日,1,26902.666666666668,2024-05-26 15:03:00,2024-05-26,2024,5,15,26.6,0.0,暑い,0,30411.0,22325.0,27657.8,34295.142857142855,29191.5,0,1,0,0.0
2024,Ｊ１,第１８節第２日,24/06/16(日),18:03,FC東京,1-1,磐田,味スタ,24580,ＤＡＺＮ,0,0,日,1,27654.333333333332,2024-06-16 18:03:00,2024-06-16,2024,6,18,28.7,5.5,暑い,1,27972.0,30411.0,26411.6,30805.85714285714,26276.0,1,1,0,0.0
2024,Ｊ１,第２０節第１日,24/06/26(水),19:03,FC東京,1-0,札幌,味スタ,15828,ＤＡＺＮ／ＴＯＫＹＯ　ＭＸ,0,0,水,0,22793.333333333332,2024-06-26 19:03:00,2024-06-26,2024,6,19,31.4,0.0,猛暑,0,24580.0,27972.0,24223.2,25528.14285714286,20204.0,1,0,1,0.0
2024,Ｊ１,第２１節第２日,24/06/30(日),18:34,FC東京,0-1,福岡,味スタ,20133,ＤＡＺＮ,0,0,日,1,20180.333333333332,2024-06-30 18:34:00,2024-06-30,2024,6,18,29.0,1.5,暑い,1,15828.0,24580.0,23784.8,24002.714285714286,17980.5,0,1,0,1.0
2024,Ｊ１,第２３節第１日,24/07/13(土),19:03,FC東京,2-0,新潟,国立,57885,ＤＡＺＮ／ＮＨＫ　ＢＳ,0,1,土,1,31282.0,2024-07-13 19:03:00,2024-07-13,2024,7,19,31.3,0.0,猛暑,0,20133.0,15828.0,29279.6,28447.714285714286,39009.0,2,0,1,0.0
2024,Ｊ１,第２６節第２日,24/08/11(日・祝),19:03,FC東京,0-3,川崎Ｆ,味スタ,37452,ＤＡＺＮ／ＴＯＫＹＯ　ＭＸ,0,0,日・祝,1,38490.0,2024-08-11 19:03:00,2024-08-11,2024,8,19,35.9,0.0,酷暑,0,57885.0,20133.0,31175.6,30608.714285714286,47668.5,0,3,0,1.0
2024,Ｊ１,第２７節第２日,24/08/17(土),19:03,FC東京,0-0,東京Ｖ,味スタ,39921,ＤＡＺＮ／ＴＯＫＹＯ　ＭＸ,0,0,土,1,45086.0,2024-08-17 19:03:00,2024-08-17,2024,8,19,35.9,0.0,酷暑,0,37452.0,57885.0,34243.8,31967.285714285714,38686.5,0,0,0,0.0
2024,Ｊ１,第３０節第２日,24/09/14(土),19:04,FC東京,4-1,名古屋,国立,55896,ＤＡＺＮ,0,1,土,1,44423.0,2024-09-14 19:04:00,2024-09-14,2024,9,19,34.5,0.0,猛暑,0,39921.0,37452.0,42257.4,35956.42857142857,47908.5,4,1,1,0.0
2024,Ｊ１,第３３節第２日,24/10/05(土),15:03,FC東京,1-1,鳥栖,味スタ,21140,ＤＡＺＮ,0,0,土,1,38985.666666666664,2024-10-05 15:03:00,2024-10-05,2024,10,15,24.5,9.5,快適2,1,55896.0,39921.0,42458.8,35465.0,38518.0,1,1,0,1.0
2024,Ｊ１,第３５節第４日,24/11/03(日・祝),14:03,FC東京,0-2,湘南,味スタ,28337,ＤＡＺＮ／テレビ東京（録）,0,0,日・祝,1,35124.333333333336,2024-11-03 14:03:00,2024-11-03,2024,11,14,22.6,0.0,快適2,0,21140.0,55896.0,36549.2,37252.0,24738.5,0,2,0,0.0
2024,Ｊ１,第３８節第１日,24/12/08(日),14:03,FC東京,3-0,Ｃ大阪,味スタ,32787,ＤＡＺＮ,0,0,日,1,27421.333333333332,2024-12-08 14:03:00,2024-12-08,2024,12,14,14.2,0.0,やや寒い,0,28337.0,21140.0,35616.2,39059.71428571428,30562.0,3,0,1,0.0
